{"accuracy": [0.6022334694862366, 0.8580126762390137, 0.9115868806838989, 0.939910352230072, 0.9546909332275391, 0.9630414843559265, 0.9725869297981262, 0.9744505286216736, 0.9790596961975098, 0.983085572719574], "loss": [1.3447487354278564, 0.45237332582473755, 0.27496474981307983, 0.1826625019311905, 0.1380797028541565, 0.11250849813222885, 0.08439613878726959, 0.07701646536588669, 0.06538450717926025, 0.054599881172180176], "val_accuracy": [0.8464602828025818, 0.9026291966438293, 0.927327573299408, 0.9333029985427856, 0.9420100450515747, 0.9568631649017334, 0.9477577805519104, 0.9733667373657227, 0.967277467250824, 0.9404165744781494], "val_loss": [0.494341641664505, 0.30610090494155884, 0.22743329405784607, 0.2193870097398758, 0.1802232265472412, 0.13359485566616058, 0.18713738024234772, 0.08603689074516296, 0.10705398768186569, 0.21221886575222015]}